model_x_km,receiver_x_km,true_offset_km,obs_dt_s,pred_dt_s,x_conv_km,h_km,vp_vs_ratio
7.790000,84.860000,-77.070000,1.134054,nan,nan,nan,nan
7.951000,84.860000,-76.909000,1.130281,nan,nan,nan,nan
8.116000,84.860000,-76.744000,1.126414,nan,nan,nan,nan
8.277000,84.860000,-76.583000,1.122641,nan,nan,nan,nan
8.441000,84.860000,-76.419000,1.118797,nan,nan,nan,nan
8.603000,84.860000,-76.257000,1.115000,nan,nan,nan,nan
8.778000,84.860000,-76.082000,1.111056,nan,nan,nan,nan
8.939000,84.860000,-75.921000,1.107668,nan,nan,nan,nan
9.103000,84.860000,-75.757000,1.103490,nan,nan,nan,nan
9.268000,84.860000,-75.592000,1.099847,nan,nan,nan,nan
9.429000,84.860000,-75.431000,1.095623,nan,nan,nan,nan
9.590000,84.860000,-75.270000,1.092926,nan,nan,nan,nan
9.752000,84.860000,-75.108000,1.091782,nan,nan,nan,nan
9.913000,84.860000,-74.947000,1.090993,nan,nan,nan,nan
10.074000,84.860000,-74.786000,1.090080,nan,nan,nan,nan
10.236000,84.860000,-74.624000,1.089149,nan,nan,nan,nan
10.387000,84.860000,-74.473000,1.089966,nan,nan,nan,nan
10.548000,84.860000,-74.312000,1.091716,nan,nan,nan,nan
10.715000,84.860000,-74.145000,1.094033,nan,nan,nan,nan
10.880000,84.860000,-73.980000,1.097070,nan,nan,nan,nan
11.044000,84.860000,-73.816000,1.100436,nan,nan,nan,nan
11.208000,84.860000,-73.652000,1.106388,0.990472,83.903120,1.533548,2.917828
11.380000,84.860000,-73.480000,1.111201,0.983329,83.899929,1.515204,2.918678
11.545000,84.860000,-73.315000,1.114093,1.029715,83.839926,1.580810,2.915638
11.706000,84.860000,-73.154000,1.117755,1.026909,83.830929,1.568152,2.916225
11.881000,84.860000,-72.979000,1.121562,1.026500,83.829734,1.566378,2.916307
12.042000,84.860000,-72.818000,1.126814,1.028088,83.834529,1.573363,2.915983
12.207000,84.860000,-72.653000,1.131120,0.977535,83.897809,1.500571,2.919357
12.379000,84.860000,-72.481000,1.135276,0.989899,83.902837,1.532063,2.917897
12.543000,84.860000,-72.317000,1.137506,1.000094,83.908839,1.559033,2.916647
12.705000,84.860000,-72.155000,1.140651,1.006418,83.914698,1.577004,2.915814
12.866000,84.860000,-71.994000,1.143420,1.012753,83.921013,1.595163,2.914973
13.027000,84.860000,-71.833000,1.143707,1.050685,83.899915,1.666215,2.912296
13.186000,84.860000,-71.674000,1.143389,1.038082,83.927913,1.654928,2.912900
13.347000,84.860000,-71.513000,1.142562,1.024823,83.957020,1.642622,2.913559
13.505000,84.860000,-71.355000,1.142391,1.014722,83.979049,1.633016,2.914073
13.656000,84.860000,-71.204000,1.141238,1.011715,83.985597,1.630124,2.914228
13.817000,84.860000,-71.043000,1.138444,1.014861,83.978748,1.633148,2.914066
13.979000,84.860000,-70.881000,1.134481,1.021854,83.963502,1.639817,2.913709
14.143000,84.860000,-70.717000,1.130117,1.033810,83.937323,1.651007,2.913110
14.304000,84.860000,-70.556000,1.127174,1.045183,83.912187,1.661343,2.912557
14.458000,84.860000,-70.402000,1.120246,1.052748,83.895292,1.668018,2.912199
14.619000,84.860000,-70.241000,1.113518,1.061221,83.876161,1.675276,2.911811
14.784000,84.860000,-70.076000,1.108160,1.006754,83.914992,1.577944,2.915771
14.945000,84.860000,-69.915000,1.104195,0.998258,83.907591,1.554083,2.916877
15.109000,84.860000,-69.751000,1.101625,0.989589,83.902685,1.531260,2.917934
15.271000,84.860000,-69.589000,1.097201,0.985610,83.900871,1.521021,2.918409
15.435000,84.860000,-69.425000,1.094314,0.982969,83.899787,1.514289,2.918721
15.600000,84.860000,-69.260000,1.091721,0.984151,83.900261,1.517296,2.918581
15.750000,84.860000,-69.110000,1.090951,0.988196,83.902023,1.527662,2.918101
15.922000,84.860000,-68.938000,1.089872,0.992980,83.904431,1.540094,2.917525
16.087000,84.860000,-68.773000,1.089059,0.999235,83.908244,1.556711,2.916755
16.248000,84.860000,-68.612000,1.091212,1.004529,83.913122,1.571760,2.916057
16.412000,84.860000,-68.448000,1.092829,1.008452,83.916540,1.582732,2.915549
16.574000,84.860000,-68.286000,1.094218,1.062408,83.873463,1.676273,2.911757
16.738000,84.860000,-68.122000,1.095480,1.051649,83.897755,1.667060,2.912250
16.910000,84.860000,-67.950000,1.094663,1.045751,83.910924,1.661850,2.912529
17.074000,84.860000,-67.786000,1.095594,1.048458,83.904891,1.664254,2.912401
17.236000,84.860000,-67.624000,1.096093,1.050031,83.901377,1.665641,2.912326
17.397000,84.860000,-67.463000,1.097565,1.050809,83.899638,1.666324,2.912290
17.558000,84.860000,-67.302000,1.097868,1.051874,83.897251,1.667256,2.912240
17.709000,84.860000,-67.151000,1.098084,1.054094,83.892267,1.669187,2.912137
17.870000,84.860000,-66.990000,1.099275,1.059307,83.880504,1.673658,2.911897
18.032000,84.860000,-66.828000,1.100456,1.011040,83.919127,1.590154,2.915205
18.183000,84.860000,-66.677000,1.101493,1.006817,83.915047,1.578121,2.915763
18.341000,84.860000,-66.519000,1.102916,1.001233,83.909656,1.562126,2.916504
18.502000,84.860000,-66.358000,1.104205,0.993331,83.904624,1.541015,2.917482
18.656000,84.860000,-66.204000,1.106680,0.986778,83.901379,1.524012,2.918270
18.817000,84.860000,-66.043000,1.108433,0.984697,83.900486,1.518688,2.918517
18.979000,84.860000,-65.881000,1.109994,0.985910,83.901000,1.521789,2.918373
19.129000,84.860000,-65.731000,1.110796,0.986014,83.901044,1.522054,2.918361
19.291000,84.860000,-65.569000,1.110672,0.983758,83.900101,1.516296,2.918628
19.441000,84.860000,-65.419000,1.109930,0.978702,83.898208,1.503505,2.919221
19.603000,84.860000,-65.257000,1.111901,1.029618,83.839590,1.580358,2.915659
19.753000,84.860000,-65.107000,1.112192,1.029414,83.838885,1.579406,2.915703
19.915000,84.860000,-64.945000,1.111723,1.028688,83.836458,1.576075,2.915857
20.065000,84.860000,-64.795000,1.110777,1.028624,83.836249,1.575783,2.915871
20.216000,84.860000,-64.644000,1.108869,1.030172,83.841546,1.582963,2.915538
20.377000,84.860000,-64.483000,1.108294,0.981557,83.899242,1.510710,2.918887
20.531000,84.860000,-64.329000,1.105765,0.982333,83.899539,1.512675,2.918796
20.692000,84.860000,-64.168000,1.102753,0.979818,83.898602,1.506316,2.919090
20.843000,84.860000,-64.017000,1.100694,0.978658,83.898193,1.503394,2.919226
21.008000,84.860000,-63.852000,1.099999,0.981088,83.899066,1.509522,2.918942
21.158000,84.860000,-63.702000,1.101527,0.985400,83.900781,1.520485,2.918434
21.320000,84.860000,-63.540000,1.097869,0.989691,83.902735,1.531522,2.917922
21.473000,84.860000,-63.387000,1.095186,0.993043,83.904466,1.540259,2.917517
21.635000,84.860000,-63.225000,1.091383,0.997217,83.906920,1.551298,2.917006
21.785000,84.860000,-63.075000,1.090004,1.001077,83.909542,1.561701,2.916524
21.947000,84.860000,-62.913000,1.086575,1.002854,83.910884,1.566564,2.916298
22.100000,84.860000,-62.760000,1.080804,1.002048,83.910264,1.564352,2.916401
22.251000,84.860000,-62.609000,1.075058,1.003153,83.911118,1.567386,2.916260
22.402000,84.860000,-62.458000,1.072975,1.007480,83.915640,1.579985,2.915676
22.566000,84.860000,-62.294000,1.069260,1.012374,83.920582,1.594046,2.915024
22.717000,84.860000,-62.143000,1.064700,1.059449,83.880182,1.673779,2.911891
22.878000,84.860000,-61.982000,1.058047,1.057104,83.885486,1.671780,2.911998
23.032000,84.860000,-61.828000,1.052565,1.052991,83.894746,1.668230,2.912188
23.193000,84.860000,-61.667000,1.048469,1.049211,83.903212,1.664918,2.912365
23.344000,84.860000,-61.516000,1.044308,1.047148,83.907814,1.663093,2.912463
23.505000,84.860000,-61.355000,1.037175,1.045298,83.911931,1.661446,2.912551
23.656000,84.860000,-61.204000,1.031988,1.043389,83.916172,1.659735,2.912643
23.820000,84.860000,-61.040000,1.028408,1.041714,83.919886,1.658226,2.912723
23.981000,84.860000,-60.879000,1.025974,1.041488,83.920384,1.658022,2.912734
24.129000,84.860000,-60.731000,1.020236,1.042645,83.917821,1.659066,2.912678
24.290000,84.860000,-60.570000,1.014199,1.044982,83.912634,1.661163,2.912566
24.441000,84.860000,-60.419000,1.008755,1.048338,83.905161,1.664148,2.912406
24.600000,84.860000,-60.260000,1.003441,1.053710,83.893131,1.668854,2.912154
24.761000,84.860000,-60.099000,0.997985,1.012394,83.920606,1.594107,2.915022
24.922000,84.860000,-59.938000,0.992606,1.006305,83.914601,1.576690,2.915829
25.073000,84.860000,-59.787000,0.989528,1.003061,83.911046,1.567135,2.916272
25.231000,84.860000,-59.629000,0.989024,0.997919,83.907369,1.553173,2.916919
25.393000,84.860000,-59.467000,0.988167,0.992081,83.903948,1.537740,2.917634
25.543000,84.860000,-59.317000,0.985141,0.988029,83.901946,1.527229,2.918121
25.705000,84.860000,-59.155000,0.985055,0.984338,83.900337,1.517772,2.918559
25.855000,84.860000,-59.005000,0.985316,0.980689,83.898919,1.508514,2.918988
26.017000,84.860000,-58.843000,0.984893,0.977463,83.897785,1.500391,2.919365
26.167000,84.860000,-58.693000,0.986689,0.976694,83.897530,1.498463,2.919454
26.329000,84.860000,-58.531000,0.989078,0.978229,83.898045,1.502316,2.919276
26.479000,84.860000,-58.381000,0.990556,0.981292,83.899143,1.510040,2.918918
26.641000,84.860000,-58.219000,0.991223,0.985686,83.900903,1.521215,2.918400
26.794000,84.860000,-58.066000,0.993587,0.990129,83.902950,1.532659,2.917869
26.956000,84.860000,-57.904000,0.992082,0.994537,83.905303,1.544188,2.917335
27.117000,84.860000,-57.743000,0.993556,0.998505,83.907754,1.554746,2.916846
27.268000,84.860000,-57.592000,0.995103,1.001997,83.910226,1.564213,2.916407
27.432000,84.860000,-57.428000,0.995760,1.005024,83.913524,1.573129,2.915994
27.593000,84.860000,-57.267000,0.997410,1.007801,83.915933,1.580889,2.915634
27.744000,84.860000,-57.116000,1.000820,1.009475,83.917528,1.585648,2.915414
27.905000,84.860000,-56.955000,1.001762,1.010317,83.918375,1.588065,2.915302
28.067000,84.860000,-56.793000,1.001833,1.010804,83.918879,1.589471,2.915237
28.218000,84.860000,-56.642000,1.002711,1.010733,83.918804,1.589265,2.915246
28.379000,84.860000,-56.481000,1.005198,1.009802,83.917853,1.586585,2.915370
28.543000,84.860000,-56.317000,1.005443,1.007714,83.915854,1.580645,2.915646
28.694000,84.860000,-56.166000,1.007526,1.004816,83.913354,1.572553,2.916021
28.858000,84.860000,-56.002000,1.009405,1.003202,83.911157,1.567522,2.916254
29.020000,84.860000,-55.840000,1.011513,1.002119,83.910318,1.564547,2.916392
29.184000,84.860000,-55.676000,1.013865,1.001285,83.909695,1.562268,2.916497
29.335000,84.860000,-55.525000,1.014145,1.001126,83.909578,1.561834,2.916517
29.496000,84.860000,-55.364000,1.013126,1.001003,83.909488,1.561498,2.916533
29.660000,84.860000,-55.200000,1.014926,1.000398,83.909053,1.559856,2.916609
29.822000,84.860000,-55.038000,1.015894,0.999857,83.908672,1.558390,2.916677
29.972000,84.860000,-54.888000,1.017818,1.000349,83.909018,1.559722,2.916615
30.131000,84.860000,-54.729000,1.018862,1.001916,83.910164,1.563991,2.916417
30.284000,84.860000,-54.576000,1.017049,1.003983,83.911785,1.569682,2.916154
30.446000,84.860000,-54.414000,1.015626,1.006060,83.914390,1.576006,2.915861
30.610000,84.860000,-54.250000,1.011281,1.007720,83.915859,1.580661,2.915645
30.761000,84.860000,-54.099000,1.009587,1.007010,83.915219,1.578664,2.915737
30.922000,84.860000,-53.938000,1.005166,1.004717,83.913274,1.572280,2.916033
31.076000,84.860000,-53.784000,1.003341,1.002725,83.910783,1.566208,2.916315
31.237000,84.860000,-53.623000,1.001066,1.001091,83.909552,1.561738,2.916522
31.388000,84.860000,-53.472000,0.997196,1.002740,83.910794,1.566249,2.916313
31.552000,84.860000,-53.308000,0.994140,1.004868,83.913396,1.572696,2.916014
31.713000,84.860000,-53.147000,0.988938,1.004919,83.913438,1.572838,2.916007
31.878000,84.860000,-52.982000,0.982293,1.003893,83.912618,1.570009,2.916138
32.031000,84.860000,-52.829000,0.979505,1.002647,83.910722,1.565994,2.916325
32.196000,84.860000,-52.664000,0.975420,0.999657,83.908534,1.557850,2.916702
32.357000,84.860000,-52.503000,0.971616,0.996459,83.906447,1.549278,2.917099
32.521000,84.860000,-52.339000,0.967497,0.995338,83.905770,1.546302,2.917237
32.683000,84.860000,-52.177000,0.966028,0.995981,83.906155,1.548009,2.917158
32.844000,84.860000,-52.016000,0.959711,0.997729,83.907247,1.552667,2.916942
33.006000,84.860000,-51.854000,0.957213,0.998347,83.907649,1.554323,2.916865
33.156000,84.860000,-51.704000,0.952724,0.993260,83.904584,1.540827,2.917491
33.318000,84.860000,-51.542000,0.947332,0.983311,83.899922,1.515159,2.918680
33.482000,84.860000,-51.378000,0.943215,1.029450,83.839010,1.579576,2.915695
33.643000,84.860000,-51.217000,0.940436,1.026356,83.829318,1.565755,2.916336
33.808000,84.860000,-51.052000,0.938707,1.023342,83.821245,1.553107,2.916922
33.969000,84.860000,-50.891000,0.937862,1.021422,83.816600,1.545340,2.917282
34.130000,84.860000,-50.730000,0.937847,1.020163,83.813715,1.540337,2.917514
34.292000,84.860000,-50.568000,0.937807,1.018847,83.810814,1.535174,2.917753
34.456000,84.860000,-50.404000,0.934313,1.016774,83.806436,1.527141,2.918125
34.617000,84.860000,-50.243000,0.933730,1.013477,83.799816,1.514529,2.918710
34.782000,84.860000,-50.078000,0.929576,1.009602,83.792299,1.499767,2.919394
34.943000,84.860000,-49.917000,0.930833,1.007332,83.787890,1.491048,2.919798
35.107000,84.860000,-49.753000,0.928573,1.006833,83.786910,1.489115,2.919887
35.279000,84.860000,-49.581000,0.926700,1.006756,83.786759,1.488817,2.919901
35.444000,84.860000,-49.416000,0.925409,1.007054,83.787345,1.489971,2.919848
35.605000,84.860000,-49.255000,0.919802,1.007339,83.787905,1.491076,2.919797
35.766000,84.860000,-49.094000,0.918014,1.006197,83.785653,1.486645,2.920002
35.931000,84.860000,-48.929000,0.916009,1.003392,83.779927,1.475551,2.920516
36.092000,84.860000,-48.768000,0.913169,0.967590,83.809596,1.413061,2.923412
36.253000,84.860000,-48.607000,0.913484,0.967839,83.799559,1.405720,2.923752
36.415000,84.860000,-48.445000,0.915438,0.968681,83.789675,1.399825,2.924026
36.584000,84.860000,-48.276000,0.918442,0.970160,83.778731,1.394507,2.924272
36.745000,84.860000,-48.115000,0.917427,0.971982,83.768333,1.390373,2.924464
36.906000,84.860000,-47.954000,0.922445,0.974090,83.758078,1.386975,2.924621
37.057000,84.860000,-47.803000,0.927373,0.975500,83.751813,1.385161,2.924705
37.383000,84.860000,-47.477000,0.936182,0.977157,83.744846,1.383332,2.924790
37.544000,84.860000,-47.316000,0.942592,0.978108,83.740995,1.382392,2.924833
37.705000,84.860000,-47.155000,0.944407,0.977533,83.743312,1.382952,2.924807
37.870000,84.860000,-46.990000,0.947521,0.975726,83.750842,1.384895,2.924717
38.031000,84.860000,-46.829000,0.949763,0.973998,83.758497,1.387103,2.924615
38.192000,84.860000,-46.668000,0.950287,0.972036,83.768050,1.390272,2.924468
38.357000,84.860000,-46.503000,0.952656,0.969712,83.781679,1.395831,2.924211
38.518000,84.860000,-46.342000,0.953389,0.968253,83.793944,1.402228,2.923914
38.679000,84.860000,-46.181000,0.955194,0.967587,83.807126,1.411110,2.923503
38.844000,84.860000,-46.016000,0.955128,1.002496,83.778013,1.471924,2.920684
39.005000,84.860000,-45.855000,0.956925,1.004052,83.781308,1.478196,2.920393
39.169000,84.860000,-45.691000,0.958238,1.005321,83.783899,1.483214,2.920161
39.331000,84.860000,-45.529000,0.959250,1.006722,83.786693,1.488687,2.919907
39.492000,84.860000,-45.368000,0.960683,1.007871,83.788944,1.493129,2.919701
39.656000,84.860000,-45.204000,0.961990,1.008275,83.789730,1.494683,2.919629
39.818000,84.860000,-45.042000,0.964577,1.008678,83.790513,1.496231,2.919558
39.982000,84.860000,-44.878000,0.967849,1.008771,83.790693,1.496588,2.919541
40.144000,84.860000,-44.716000,0.969420,1.008657,83.790472,1.496151,2.919561
40.305000,84.860000,-44.555000,0.971370,1.008874,83.790892,1.496982,2.919523
40.469000,84.860000,-44.391000,0.975573,1.008633,83.790424,1.496056,2.919566
40.631000,84.860000,-44.229000,0.979985,1.008912,83.790964,1.497125,2.919516
40.792000,84.860000,-44.068000,0.982361,1.010119,83.793298,1.501744,2.919302
40.967000,84.860000,-43.893000,0.983877,1.011091,83.795175,1.505447,2.919131
41.128000,84.860000,-43.732000,0.987291,1.011581,83.796123,1.507314,2.919044
41.287000,84.860000,-43.573000,0.989740,1.011856,83.796655,1.508360,2.918996
41.448000,84.860000,-43.412000,0.992737,1.012609,83.798119,1.511227,2.918863
41.599000,84.860000,-43.261000,0.998306,1.013913,83.800674,1.516191,2.918633
41.760000,84.860000,-43.100000,1.000113,1.015710,83.804262,1.523055,2.918315
41.921000,84.860000,-42.939000,1.004490,1.017614,83.808186,1.530385,2.917975
42.083000,84.860000,-42.777000,1.007292,1.019174,83.811525,1.536452,2.917694
42.244000,84.860000,-42.616000,1.007294,1.020125,83.813630,1.540188,2.917521
42.419000,84.860000,-42.441000,1.008125,1.020113,83.813604,1.540143,2.917523
42.570000,84.860000,-42.290000,1.007745,1.019086,83.811335,1.536110,2.917710
42.731000,84.860000,-42.129000,1.009767,1.017769,83.808513,1.530987,2.917947
42.882000,84.860000,-41.978000,1.010031,1.017110,83.807132,1.528436,2.918065
43.029000,84.860000,-41.831000,1.010341,1.017098,83.807109,1.528393,2.918067
43.191000,84.860000,-41.669000,1.010427,1.018228,83.809485,1.532764,2.917865
43.338000,84.860000,-41.522000,1.006882,1.019271,83.811739,1.536834,2.917676
43.500000,84.860000,-41.360000,1.008105,1.019787,83.812875,1.538856,2.917582
43.650000,84.860000,-41.210000,1.004253,1.020045,83.813452,1.539874,2.917535
43.812000,84.860000,-41.048000,1.002131,1.019869,83.813059,1.539181,2.917567
43.973000,84.860000,-40.887000,0.999811,1.019072,83.811304,1.536054,2.917712
44.127000,84.860000,-40.733000,0.996218,1.018442,83.809943,1.533598,2.917826
44.288000,84.860000,-40.572000,0.995814,1.019071,83.811302,1.536052,2.917712
44.449000,84.860000,-40.411000,0.992861,1.020299,83.814022,1.540876,2.917489
44.600000,84.860000,-40.260000,0.990751,1.021117,83.815891,1.544124,2.917338
44.761000,84.860000,-40.099000,0.989290,1.021667,83.817175,1.546321,2.917236
44.912000,84.860000,-39.948000,0.987161,1.021534,83.816863,1.545790,2.917261
45.066000,84.860000,-39.794000,0.986327,1.020858,83.815294,1.543092,2.917386
45.227000,84.860000,-39.633000,0.985063,1.020422,83.814300,1.541363,2.917466
45.391000,84.860000,-39.469000,0.984526,1.020202,83.813804,1.540494,2.917506
45.542000,84.860000,-39.318000,0.984843,1.019952,83.813244,1.539508,2.917552
45.706000,84.860000,-39.154000,0.985243,1.020169,83.813729,1.540363,2.917512
45.857000,84.860000,-39.003000,0.986626,1.020900,83.815390,1.543258,2.917378
46.018000,84.860000,-38.842000,0.981857,1.022197,83.818436,1.548452,2.917138
46.172000,84.860000,-38.688000,0.980092,1.022722,83.819708,1.550577,2.917039
46.333000,84.860000,-38.527000,0.977039,1.023513,83.821676,1.553809,2.916889
46.484000,84.860000,-38.376000,0.975317,1.025386,83.826598,1.561613,2.916528
46.648000,84.860000,-38.212000,0.971761,1.026784,83.830561,1.567610,2.916250
46.799000,84.860000,-38.061000,0.969708,1.028459,83.835714,1.575036,2.915906
46.963000,84.860000,-37.897000,0.965650,1.030025,83.841021,1.582269,2.915570
47.114000,84.860000,-37.746000,0.964573,0.978377,83.898096,1.502688,2.919258
47.278000,84.860000,-37.582000,0.964904,0.983106,83.899841,1.514637,2.918705
47.429000,84.860000,-37.431000,0.965788,0.988966,83.902385,1.529648,2.918009
47.590000,84.860000,-37.270000,0.967417,0.995503,83.905868,1.546741,2.917217
47.752000,84.860000,-37.108000,0.973055,1.001646,83.909962,1.563253,2.916452
47.902000,84.860000,-36.958000,0.976320,1.007136,83.915331,1.579018,2.915721
48.053000,84.860000,-36.807000,0.983275,1.061191,83.876229,1.675251,2.911812
48.217000,84.860000,-36.643000,0.988257,1.049831,83.901825,1.665465,2.912336
48.371000,84.860000,-36.489000,0.993756,1.039104,83.925657,1.655860,2.912850
48.532000,84.860000,-36.328000,0.995770,1.025237,83.956115,1.643012,2.913538
48.683000,84.860000,-36.177000,0.997502,1.011382,83.986323,1.629803,2.914245
48.847000,84.860000,-36.013000,0.996468,0.993818,84.024624,1.612707,2.915160
48.998000,84.860000,-35.862000,0.994769,0.979711,84.063005,1.602717,2.915695
49.159000,84.860000,-35.701000,0.990770,0.962720,84.103212,1.586908,2.916541
49.321000,84.860000,-35.539000,0.985709,0.944994,84.144932,1.569728,2.917461
49.471000,84.860000,-35.389000,0.982441,0.972440,84.154634,1.629747,2.916577
49.633000,84.860000,-35.227000,0.981005,0.981647,84.182581,1.660885,2.915440
49.794000,84.860000,-35.066000,0.976923,0.991673,84.210566,1.692850,2.914271
49.945000,84.860000,-34.915000,0.975880,1.001649,84.239384,1.724189,2.913126
50.098000,84.860000,-34.762000,0.973553,1.005067,84.274195,1.743645,2.912415
50.260000,84.860000,-34.600000,0.973981,1.016464,84.303610,1.774930,2.912606
50.413000,84.860000,-34.447000,0.975598,0.999823,84.341420,1.753570,2.913649
50.575000,84.860000,-34.285000,0.979019,0.985853,84.371980,1.734900,2.914562
50.739000,84.860000,-34.121000,0.981833,0.976578,84.391853,1.722204,2.915182
50.887000,84.860000,-33.973000,0.986369,0.971936,84.401711,1.715773,2.915497
51.048000,84.860000,-33.812000,0.990863,0.971322,84.403012,1.714919,2.915538
51.206000,84.860000,-33.654000,0.994234,0.976107,84.392855,1.721554,2.915214
51.357000,84.860000,-33.503000,0.995131,0.984416,84.375076,1.732948,2.914657
51.518000,84.860000,-33.342000,0.995861,0.996393,84.349008,1.749043,2.913871
51.672000,84.860000,-33.188000,0.995959,1.012461,84.312873,1.769892,2.912852
51.833000,84.860000,-33.027000,0.998326,1.006435,84.278166,1.747766,2.912264
51.984000,84.860000,-32.876000,0.999632,1.003294,84.244447,1.729391,2.912936
52.145000,84.860000,-32.715000,1.002044,0.993193,84.214819,1.697625,2.914097
52.293000,84.860000,-32.567000,1.003241,0.984698,84.191180,1.670737,2.915080
52.444000,84.860000,-32.416000,1.002943,0.978025,84.172070,1.648949,2.915876
52.605000,84.860000,-32.255000,1.001097,0.972235,84.153951,1.629017,2.916604
52.756000,84.860000,-32.104000,0.999687,0.967786,84.137937,1.612473,2.917209
52.906000,84.860000,-31.954000,0.998061,0.947948,84.137699,1.572496,2.917313
53.068000,84.860000,-31.792000,0.997041,0.956075,84.118100,1.580163,2.916902
53.218000,84.860000,-31.642000,0.995460,0.964013,84.100111,1.588110,2.916477
53.369000,84.860000,-31.491000,0.994739,0.969122,84.087934,1.592862,2.916223
53.520000,84.860000,-31.340000,0.993614,0.969237,84.087662,1.592969,2.916217
53.670000,84.860000,-31.190000,0.992222,0.965898,84.095607,1.589862,2.916383
53.821000,84.860000,-31.039000,0.989398,0.961491,84.106164,1.585766,2.916603
53.975000,84.860000,-30.885000,0.986664,0.955348,84.119836,1.579475,2.916939
54.125000,84.860000,-30.735000,0.985379,0.952089,84.127662,1.576394,2.917104
54.276000,84.860000,-30.584000,0.985612,0.950890,84.130555,1.575264,2.917165
54.430000,84.860000,-30.430000,0.984913,0.947993,84.137590,1.572538,2.917311
54.580000,84.860000,-30.280000,0.984801,0.944160,84.146984,1.568949,2.917503
54.734000,84.860000,-30.126000,0.984907,0.967284,84.135946,1.610504,2.917281
54.885000,84.860000,-29.975000,0.985843,0.968757,84.141667,1.616217,2.917072
55.035000,84.860000,-29.825000,0.986493,0.970121,84.146659,1.621336,2.916885
55.186000,84.860000,-29.674000,0.985588,0.970527,84.148101,1.622835,2.916830
55.340000,84.860000,-29.520000,0.985384,0.969639,84.144924,1.619543,2.916950
55.501000,84.860000,-29.359000,0.985699,0.967832,84.138118,1.612653,2.917202
55.652000,84.860000,-29.208000,0.986597,0.945518,84.143643,1.570219,2.917435
55.805000,84.860000,-29.055000,0.986633,0.952571,84.126500,1.576850,2.917080
55.956000,84.860000,-28.904000,0.986167,0.959650,84.110601,1.584057,2.916694
56.107000,84.860000,-28.753000,0.986214,0.966950,84.093100,1.590841,2.916331
56.260000,84.860000,-28.600000,0.986123,0.977519,84.068136,1.600677,2.915804
56.422000,84.860000,-28.438000,0.985654,0.986716,84.040211,1.605733,2.915534
56.572000,84.860000,-28.288000,0.984456,1.002246,84.006219,1.620946,2.914719
56.723000,84.860000,-28.137000,0.983700,1.017977,83.971958,1.636130,2.913906
56.881000,84.860000,-27.979000,0.983305,1.030518,83.944553,1.647955,2.913273
57.032000,84.860000,-27.828000,0.984242,1.038601,83.926769,1.655401,2.912875
57.183000,84.860000,-27.677000,0.984852,1.045192,83.912168,1.661351,2.912556
57.344000,84.860000,-27.516000,0.985603,1.049204,83.903227,1.664912,2.912365
57.495000,84.860000,-27.365000,0.986241,1.047895,83.906148,1.663756,2.912427
57.656000,84.860000,-27.204000,0.987619,1.043417,83.916110,1.659760,2.912641
57.807000,84.860000,-27.053000,0.989847,1.039037,83.925805,1.655799,2.912853
57.957000,84.860000,-26.903000,0.991435,1.035963,83.932587,1.652988,2.913004
58.108000,84.860000,-26.752000,0.992297,1.030715,83.944120,1.648139,2.913263
58.259000,84.860000,-26.601000,0.993413,1.019067,83.969583,1.637169,2.913851
58.409000,84.860000,-26.451000,0.994203,1.006514,83.996922,1.625095,2.914497
58.568000,84.860000,-26.292000,0.994741,0.996494,84.018771,1.615329,2.915020
58.718000,84.860000,-26.142000,0.993853,0.990393,84.032129,1.609346,2.915340
58.869000,84.860000,-25.991000,0.993186,0.985459,84.042981,1.604497,2.915600
59.016000,84.860000,-25.844000,0.992109,0.981303,84.052164,1.600410,2.915819
59.178000,84.860000,-25.682000,0.991019,0.979018,84.057233,1.598162,2.915939
59.331000,84.860000,-25.529000,0.989375,0.979354,84.056488,1.598492,2.915921
59.482000,84.860000,-25.378000,0.987163,0.980016,84.055017,1.599144,2.915886
59.643000,84.860000,-25.217000,0.984200,0.980041,84.054962,1.599168,2.915885
59.794000,84.860000,-25.066000,0.982064,0.978612,84.058135,1.597763,2.915960
59.945000,84.860000,-24.915000,0.979705,0.979215,84.056795,1.598356,2.915929
60.106000,84.860000,-24.754000,0.976318,0.983748,84.046756,1.602814,2.915690
60.257000,84.860000,-24.603000,0.974159,0.989186,84.034780,1.608160,2.915404
60.407000,84.860000,-24.453000,0.971556,0.992301,84.027946,1.611219,2.915240
60.566000,84.860000,-24.294000,0.968740,0.991673,84.029323,1.610603,2.915273
60.716000,84.860000,-24.144000,0.966108,0.989685,84.033684,1.608651,2.915377
60.867000,84.860000,-23.993000,0.962943,0.986981,84.039628,1.605994,2.915520
61.021000,84.860000,-23.839000,0.960134,0.985340,84.043243,1.604380,2.915606
61.171000,84.860000,-23.689000,0.956979,0.987678,84.038095,1.606678,2.915483
61.314000,84.860000,-23.546000,0.954622,0.992931,84.026567,1.611837,2.915207
61.468000,84.860000,-23.392000,0.952476,0.996373,84.019037,1.615210,2.915026
61.619000,84.860000,-23.241000,0.951330,0.997155,84.017327,1.615975,2.914985
61.772000,84.860000,-23.088000,0.950951,0.999699,84.011774,1.618462,2.914852
61.923000,84.860000,-22.937000,0.950694,1.000851,84.009262,1.619586,2.914792
62.077000,84.860000,-22.783000,0.949805,0.999974,84.011174,1.618730,2.914838
62.227000,84.860000,-22.633000,0.948780,1.002691,84.005250,1.621380,2.914696
62.381000,84.860000,-22.479000,0.947793,1.011073,83.986997,1.629505,2.914261
62.532000,84.860000,-22.328000,0.947414,1.022263,83.962610,1.640205,2.913688
62.685000,84.860000,-22.175000,0.947228,1.032503,83.940195,1.649799,2.913175
62.839000,84.860000,-22.021000,0.947816,1.039028,83.925825,1.655791,2.912854
62.990000,84.860000,-21.870000,0.948532,1.041648,83.920031,1.658167,2.912727
63.143000,84.860000,-21.717000,0.949430,1.043368,83.916219,1.659716,2.912644
63.286000,84.860000,-21.574000,0.950509,1.049218,83.903195,1.664925,2.912365
63.440000,84.860000,-21.420000,0.951088,1.057282,83.885084,1.671932,2.911990
63.590000,84.860000,-21.270000,0.952152,1.060066,83.878783,1.674301,2.911863
63.733000,84.860000,-21.127000,0.953261,1.011023,83.919109,1.590104,2.915207
63.887000,84.860000,-20.973000,0.954846,1.006942,83.915158,1.578472,2.915746
64.041000,84.860000,-20.819000,0.956810,1.004604,83.913183,1.571967,2.916048
64.181000,84.860000,-20.679000,0.959067,1.003712,83.912477,1.569512,2.916162
64.334000,84.860000,-20.526000,0.960597,1.003431,83.911339,1.568155,2.916224
64.485000,84.860000,-20.375000,0.962883,1.002158,83.910347,1.564653,2.916387
64.635000,84.860000,-20.225000,0.965153,0.999722,83.908579,1.558026,2.916694
64.794000,84.860000,-20.066000,0.968018,0.996190,83.906282,1.548562,2.917132
64.942000,84.860000,-19.918000,0.970824,0.993147,83.904522,1.540532,2.917505
65.089000,84.860000,-19.771000,0.973071,0.992959,83.904419,1.540037,2.917528
65.251000,84.860000,-19.609000,0.975737,0.991380,83.903582,1.535910,2.917719
65.398000,84.860000,-19.462000,0.978477,0.988588,83.902206,1.528672,2.918054
65.546000,84.860000,-19.314000,0.981553,0.987149,83.901545,1.524966,2.918226
65.707000,84.860000,-19.153000,0.984745,0.986577,83.901291,1.523498,2.918294
65.858000,84.860000,-19.002000,0.987434,0.986917,83.901441,1.524370,2.918254
66.009000,84.860000,-18.851000,0.990140,0.989303,83.902547,1.530519,2.917969
66.167000,84.860000,-18.693000,0.991481,0.994613,83.905346,1.544386,2.917326
66.315000,84.860000,-18.545000,0.992332,1.000540,83.909154,1.560240,2.916591
66.473000,84.860000,-18.387000,0.991577,1.005451,83.913877,1.574312,2.915939
66.621000,84.860000,-18.239000,0.990199,1.010439,83.918500,1.588417,2.915285
66.782000,84.860000,-18.078000,0.988809,1.058524,83.882277,1.672992,2.911933
66.930000,84.860000,-17.930000,0.988098,1.054222,83.891980,1.669298,2.912131
67.077000,84.860000,-17.783000,0.987425,1.049592,83.902360,1.665254,2.912347
67.228000,84.860000,-17.632000,0.986266,1.045586,83.911292,1.661703,2.912537
67.382000,84.860000,-17.478000,0.984616,1.043838,83.915174,1.660139,2.912621
67.532000,84.860000,-17.328000,0.982658,1.043995,83.914827,1.660279,2.912613
67.694000,84.860000,-17.166000,0.980645,1.047566,83.906882,1.663464,2.912443
67.844000,84.860000,-17.016000,0.979151,1.055153,83.889885,1.670103,2.912088
67.995000,84.860000,-16.865000,0.978155,1.010556,83.918621,1.588754,2.915270
68.149000,84.860000,-16.711000,0.977361,1.002368,83.910508,1.565229,2.916360
68.310000,84.860000,-16.550000,0.976746,0.991756,83.903778,1.536892,2.917673
68.461000,84.860000,-16.399000,0.976467,0.980681,83.898916,1.508494,2.918989
68.619000,84.860000,-16.241000,0.974837,1.027733,83.833419,1.571779,2.916056
68.770000,84.860000,-16.090000,0.972966,1.023667,83.822066,1.554442,2.916860
68.920000,84.860000,-15.940000,0.971511,1.019049,83.811255,1.535966,2.917716
69.082000,84.860000,-15.778000,0.970160,1.012881,83.798649,1.512260,2.918815
69.232000,84.860000,-15.628000,0.969011,1.007513,83.788244,1.491746,2.919766
69.394000,84.860000,-15.466000,0.968604,1.002542,83.778114,1.472113,2.920675
69.544000,84.860000,-15.316000,0.967940,0.967621,83.804891,1.409429,2.923580
69.698000,84.860000,-15.162000,0.967511,0.968415,83.792223,1.401235,2.923960
69.859000,84.860000,-15.001000,0.967289,0.970359,83.777480,1.393967,2.924297
70.007000,84.860000,-14.853000,0.967270,0.973323,83.761657,1.388095,2.924569
70.171000,84.860000,-14.689000,0.967445,0.978149,83.740834,1.382354,2.924835
70.322000,84.860000,-14.538000,0.968474,0.983553,83.720213,1.377930,2.925040
70.483000,84.860000,-14.377000,0.970321,0.989065,83.700248,1.374091,2.925218
70.637000,84.860000,-14.223000,0.972335,0.883354,83.818491,1.214288,2.932624
70.798000,84.860000,-14.062000,0.974545,1.089610,83.555437,1.498545,2.919450
70.949000,84.860000,-13.911000,0.976755,nan,nan,nan,nan
71.110000,84.860000,-13.750000,0.979355,nan,nan,nan,nan
71.261000,84.860000,-13.599000,0.981566,nan,nan,nan,nan
71.422000,84.860000,-13.438000,0.984252,nan,nan,nan,nan
71.573000,84.860000,-13.287000,0.986784,nan,nan,nan,nan
71.731000,84.860000,-13.129000,0.989058,nan,nan,nan,nan
71.892000,84.860000,-12.968000,0.990921,nan,nan,nan,nan
72.043000,84.860000,-12.817000,0.991781,nan,nan,nan,nan
72.207000,84.860000,-12.653000,0.991831,nan,nan,nan,nan
72.358000,84.860000,-12.502000,0.991215,nan,nan,nan,nan
72.512000,84.860000,-12.348000,0.990243,nan,nan,nan,nan
72.673000,84.860000,-12.187000,0.987819,nan,nan,nan,nan
72.827000,84.860000,-12.033000,0.984009,nan,nan,nan,nan
72.988000,84.860000,-11.872000,0.979789,nan,nan,nan,nan
73.139000,84.860000,-11.721000,0.974282,nan,nan,nan,nan
73.300000,84.860000,-11.560000,0.967446,nan,nan,nan,nan
73.451000,84.860000,-11.409000,0.959252,nan,nan,nan,nan
73.615000,84.860000,-11.245000,0.949607,nan,nan,nan,nan
73.769000,84.860000,-11.091000,0.940551,nan,nan,nan,nan
73.930000,84.860000,-10.930000,0.931082,nan,nan,nan,nan
74.091000,84.860000,-10.769000,0.921614,nan,nan,nan,nan
74.242000,84.860000,-10.618000,0.912734,nan,nan,nan,nan
96.089000,84.860000,11.229000,0.930974,nan,nan,nan,nan
96.250000,84.860000,11.390000,0.933471,nan,nan,nan,nan
96.415000,84.860000,11.555000,0.936031,nan,nan,nan,nan
96.565000,84.860000,11.705000,0.938357,nan,nan,nan,nan
96.727000,84.860000,11.867000,0.940870,nan,nan,nan,nan
96.880000,84.860000,12.020000,0.943244,nan,nan,nan,nan
97.042000,84.860000,12.182000,0.945098,nan,nan,nan,nan
97.203000,84.860000,12.343000,0.947532,nan,nan,nan,nan
97.353000,84.860000,12.493000,0.949531,nan,nan,nan,nan
97.515000,84.860000,12.655000,0.951769,nan,nan,nan,nan
97.676000,84.860000,12.816000,0.952910,nan,nan,nan,nan
97.827000,84.860000,12.967000,0.953590,nan,nan,nan,nan
97.988000,84.860000,13.128000,0.954251,nan,nan,nan,nan
98.146000,84.860000,13.286000,0.955283,nan,nan,nan,nan
98.297000,84.860000,13.437000,0.954521,nan,nan,nan,nan
98.458000,84.860000,13.598000,0.952274,nan,nan,nan,nan
98.606000,84.860000,13.746000,0.951847,nan,nan,nan,nan
98.767000,84.860000,13.907000,0.950132,nan,nan,nan,nan
98.918000,84.860000,14.058000,0.948035,nan,nan,nan,nan
99.068000,84.860000,14.208000,0.947482,nan,nan,nan,nan
99.227000,84.860000,14.367000,0.947029,nan,nan,nan,nan
99.377000,84.860000,14.517000,0.948263,nan,nan,nan,nan
99.539000,84.860000,14.679000,0.949295,nan,nan,nan,nan
99.689000,84.860000,14.829000,0.948698,nan,nan,nan,nan
99.840000,84.860000,14.980000,0.946641,nan,nan,nan,nan
100.001000,84.860000,15.141000,0.945586,nan,nan,nan,nan
100.152000,84.860000,15.292000,0.947337,nan,nan,nan,nan
100.313000,84.860000,15.453000,0.948466,nan,nan,nan,nan
100.464000,84.860000,15.604000,0.949932,nan,nan,nan,nan
100.615000,84.860000,15.755000,0.951150,nan,nan,nan,nan
100.776000,84.860000,15.916000,0.949423,nan,nan,nan,nan
100.927000,84.860000,16.067000,0.948255,nan,nan,nan,nan
101.080000,84.860000,16.220000,0.944958,nan,nan,nan,nan
101.231000,84.860000,16.371000,0.942315,nan,nan,nan,nan
101.384000,84.860000,16.524000,0.940779,nan,nan,nan,nan
101.535000,84.860000,16.675000,0.939796,nan,nan,nan,nan
101.689000,84.860000,16.829000,0.938004,nan,nan,nan,nan
101.842000,84.860000,16.982000,0.935327,0.885162,85.498663,1.489036,2.912126
101.993000,84.860000,17.133000,0.931387,0.913682,85.529991,1.530940,2.913612
102.147000,84.860000,17.287000,0.927868,0.919009,85.545402,1.534652,2.913743
102.297000,84.860000,17.437000,0.925250,0.924450,85.560819,1.538482,2.913879
102.461000,84.860000,17.601000,0.925861,0.930635,85.578025,1.542861,2.914034
102.612000,84.860000,17.752000,0.926444,0.936949,85.595317,1.547330,2.914193
102.763000,84.860000,17.903000,0.926694,0.943814,85.613902,1.552155,2.914364
102.916000,84.860000,18.056000,0.927187,0.950919,85.632990,1.557077,2.914539
103.067000,84.860000,18.207000,0.928115,0.957938,85.651786,1.561831,2.914707
103.218000,84.860000,18.358000,0.930422,0.965053,85.670854,1.566504,2.914873
103.371000,84.860000,18.511000,0.933187,0.971704,85.688756,1.570709,2.915022
103.522000,84.860000,18.662000,0.934378,0.943945,85.675974,1.518263,2.916760
103.683000,84.860000,18.823000,0.936581,0.941541,85.685176,1.508242,2.916799
103.837000,84.860000,18.977000,0.939221,0.939158,85.692838,1.499011,2.916835
103.988000,84.860000,19.128000,0.941052,0.937812,85.700597,1.491826,2.916862
104.152000,84.860000,19.292000,0.941889,0.935892,85.705757,1.484846,2.916889
104.313000,84.860000,19.453000,0.942011,0.933911,85.710707,1.477815,2.916916
104.467000,84.860000,19.607000,0.944000,0.947125,85.727258,1.496192,2.916846
104.628000,84.860000,19.768000,0.945016,0.947036,85.731792,1.493355,2.916856
104.792000,84.860000,19.932000,0.946347,0.946972,85.735243,1.491190,2.916865
104.946000,84.860000,20.086000,0.947669,0.946922,85.738043,1.489430,2.916872
105.107000,84.860000,20.247000,0.948021,0.946875,85.740880,1.487646,2.916878
105.258000,84.860000,20.398000,0.948587,0.946834,85.743441,1.486035,2.916885
105.422000,84.860000,20.562000,0.948010,0.946790,85.746474,1.484126,2.916892
105.573000,84.860000,20.713000,0.947495,0.946741,85.750220,1.481768,2.916901
105.727000,84.860000,20.867000,0.946919,0.946699,85.754047,1.479362,2.916910
105.891000,84.860000,21.031000,0.946542,0.946656,85.758981,1.476265,2.916922
106.042000,84.860000,21.182000,0.946920,0.946629,85.763648,1.473344,2.916934
106.203000,84.860000,21.343000,0.947390,0.946617,85.768736,1.470170,2.916946
106.367000,84.860000,21.507000,0.948193,0.946623,85.774002,1.466902,2.916958
106.518000,84.860000,21.658000,0.949711,0.946649,85.779152,1.463724,2.916971
106.679000,84.860000,21.819000,0.949909,0.946707,85.785194,1.460023,2.916985
106.830000,84.860000,21.970000,0.951297,0.946791,85.790993,1.456499,2.916999
106.991000,84.860000,22.131000,0.954317,0.946952,85.798861,1.451772,2.917017
107.145000,84.860000,22.285000,0.955813,0.947161,85.806443,1.447277,2.917034
107.295000,84.860000,22.435000,0.957539,0.947430,85.814206,1.442740,2.917052
107.457000,84.860000,22.597000,0.959102,0.947792,85.822761,1.437819,2.917071
107.607000,84.860000,22.747000,0.960155,0.948162,85.830198,1.433611,2.917087
107.768000,84.860000,22.908000,0.959800,0.948581,85.837588,1.429492,2.917103
107.922000,84.860000,23.062000,0.959540,0.949009,85.844366,1.425767,2.917117
108.083000,84.860000,23.223000,0.960579,0.941631,85.841811,1.411087,2.917174
108.234000,84.860000,23.374000,0.960132,0.942103,85.847108,1.408426,2.917184
108.395000,84.860000,23.535000,0.958841,0.942415,85.850451,1.406768,2.917190
108.543000,84.860000,23.683000,0.956141,0.942689,85.853289,1.405373,2.917196
108.694000,84.860000,23.834000,0.950865,0.942845,85.854862,1.404605,2.917199
108.855000,84.860000,23.995000,0.946743,0.942905,85.855460,1.404313,2.917200
109.005000,84.860000,24.145000,0.942035,0.942927,85.855686,1.404203,2.917200
109.167000,84.860000,24.307000,0.937268,0.942850,85.854915,1.404578,2.917199
109.314000,84.860000,24.454000,0.932875,0.942781,85.854217,1.404919,2.917197
109.479000,84.860000,24.619000,0.929629,0.942472,85.851044,1.406476,2.917191
109.640000,84.860000,24.780000,0.926281,0.942168,85.847821,1.408071,2.917185
109.791000,84.860000,24.931000,0.922143,0.941712,85.842747,1.410614,2.917175
109.952000,84.860000,25.092000,0.918729,0.949033,85.844723,1.425572,2.917118
110.103000,84.860000,25.243000,0.916790,0.948674,85.839107,1.428652,2.917106
110.264000,84.860000,25.404000,0.916416,0.948332,85.833294,1.431878,2.917093
110.417000,84.860000,25.557000,0.916920,0.948034,85.827747,1.434991,2.917081
110.579000,84.860000,25.719000,0.918262,0.947736,85.821533,1.438521,2.917068
110.729000,84.860000,25.869000,0.918482,0.947493,85.815817,1.441807,2.917055
110.880000,84.860000,26.020000,0.920613,0.947261,85.809531,1.445464,2.917041
111.041000,84.860000,26.181000,0.923095,0.947053,85.802758,1.449454,2.917026
111.192000,84.860000,26.332000,0.925763,0.946944,85.798516,1.451978,2.917016
111.353000,84.860000,26.493000,0.927511,0.946886,85.795926,1.453528,2.917010
111.504000,84.860000,26.644000,0.928936,0.946853,85.794329,1.454487,2.917006
111.665000,84.860000,26.805000,0.929124,0.946877,85.795523,1.453770,2.917009
111.816000,84.860000,26.956000,0.928932,0.946901,85.796644,1.453097,2.917012
111.977000,84.860000,27.117000,0.927353,0.946973,85.799705,1.451268,2.917019
112.128000,84.860000,27.268000,0.927940,0.947052,85.802705,1.449485,2.917026
112.289000,84.860000,27.429000,0.928672,0.947189,85.807320,1.446760,2.917036
112.440000,84.860000,27.580000,0.930999,0.947361,85.812376,1.443803,2.917047
112.587000,84.860000,27.727000,0.932402,0.947577,85.817887,1.440612,2.917060
112.749000,84.860000,27.889000,0.931412,0.947917,85.825396,1.436321,2.917076
112.899000,84.860000,28.039000,0.929993,0.948282,85.832404,1.432375,2.917092
113.050000,84.860000,28.190000,0.930169,0.948637,85.838516,1.428978,2.917105
113.200000,84.860000,28.340000,0.930501,0.949027,85.844630,1.425623,2.917118
113.351000,84.860000,28.491000,0.933315,0.941694,85.842540,1.410718,2.917175
113.509000,84.860000,28.649000,0.937245,0.942262,85.848830,1.407570,2.917187
113.671000,84.860000,28.811000,0.940784,0.942961,85.856020,1.404040,2.917201
113.832000,84.860000,28.972000,0.941756,0.943849,85.864509,1.399959,2.917216
113.996000,84.860000,29.136000,0.943211,0.944808,85.873049,1.395937,2.917232
114.147000,84.860000,29.287000,0.944697,0.945621,85.879900,1.392766,2.917244
114.308000,84.860000,29.448000,0.945200,0.946538,85.887270,1.389407,2.917257
114.469000,84.860000,29.609000,0.948586,0.929888,85.875009,1.361477,2.916511
114.634000,84.860000,29.774000,0.952076,0.934089,85.885054,1.363580,2.916476
114.795000,84.860000,29.935000,0.954154,0.938013,85.894373,1.365563,2.916443
114.956000,84.860000,30.096000,0.956498,0.941887,85.903513,1.367540,2.916409
115.118000,84.860000,30.258000,0.956194,0.944816,85.910384,1.369047,2.916384
115.279000,84.860000,30.419000,0.955525,0.946503,85.914325,1.369919,2.916369
115.440000,84.860000,30.580000,0.957012,0.944395,85.913512,1.365605,2.916442
115.602000,84.860000,30.742000,0.958736,0.944413,85.913548,1.365619,2.916442
115.763000,84.860000,30.903000,0.960025,0.944444,85.913610,1.365643,2.916441
115.924000,84.860000,31.064000,0.960778,0.945113,85.914942,1.366166,2.916432
116.085000,84.860000,31.225000,0.962247,0.945784,85.916278,1.366693,2.916424
116.244000,84.860000,31.384000,0.963207,0.947389,85.919468,1.367957,2.916402
116.394000,84.860000,31.534000,0.962893,0.949148,85.922951,1.369347,2.916379
116.556000,84.860000,31.696000,0.963094,0.950773,85.926160,1.370636,2.916357
116.714000,84.860000,31.854000,0.962900,0.952084,85.928743,1.371680,2.916340
116.875000,84.860000,32.015000,0.962857,0.953315,85.931163,1.372663,2.916323
117.026000,84.860000,32.166000,0.962779,0.954174,85.932851,1.373351,2.916311
117.187000,84.860000,32.327000,0.962190,0.955096,85.934657,1.374090,2.916299
117.345000,84.860000,32.485000,0.961302,0.954715,85.933910,1.373784,2.916304
117.496000,84.860000,32.636000,0.959199,0.954328,85.933153,1.373475,2.916309
117.657000,84.860000,32.797000,0.957091,0.951068,85.926743,1.370871,2.916353
117.808000,84.860000,32.948000,0.954537,0.946850,85.918397,1.367532,2.916409
117.969000,84.860000,33.109000,0.951349,0.945730,85.912521,1.369519,2.916376
118.131000,84.860000,33.271000,0.948506,0.940924,85.901246,1.367047,2.916418
118.292000,84.860000,33.432000,0.945308,0.936402,85.890554,1.364747,2.916456
118.443000,84.860000,33.583000,0.942006,0.932818,85.882023,1.362941,2.916487
118.604000,84.860000,33.744000,0.938527,0.929071,85.873048,1.361070,2.916518
118.765000,84.860000,33.905000,0.934304,0.946535,85.887250,1.389416,2.917257
118.929000,84.860000,34.069000,0.930036,0.945889,85.882088,1.391764,2.917248
119.080000,84.860000,34.220000,0.925625,0.945344,85.877603,1.393824,2.917240
119.241000,84.860000,34.381000,0.921973,0.944799,85.872970,1.395974,2.917232
119.406000,84.860000,34.546000,0.918045,0.944391,85.869408,1.397642,2.917225
119.567000,84.860000,34.707000,0.914602,0.944172,85.867452,1.398564,2.917222
119.728000,84.860000,34.868000,0.911159,0.944004,85.865928,1.399285,2.917219
119.890000,84.860000,35.030000,0.908813,0.944006,85.865943,1.399278,2.917219
120.051000,84.860000,35.191000,0.907247,0.944008,85.865960,1.399270,2.917219
120.212000,84.860000,35.352000,0.905858,0.944093,85.866734,1.398903,2.917221
120.373000,84.860000,35.513000,0.905577,0.944179,85.867509,1.398537,2.917222
120.535000,84.860000,35.675000,0.905805,0.944442,85.869859,1.397430,2.917226
120.696000,84.860000,35.836000,0.906794,0.944760,85.872634,1.396131,2.917231
120.857000,84.860000,35.997000,0.908369,0.945288,85.877135,1.394040,2.917239
121.022000,84.860000,36.162000,0.910212,0.946017,85.883125,1.391290,2.917250
121.183000,84.860000,36.323000,0.911789,0.946832,85.889564,1.388371,2.917261
121.344000,84.860000,36.484000,0.914683,0.932034,85.880150,1.362548,2.916493
121.508000,84.860000,36.648000,0.916642,0.937069,85.892136,1.365084,2.916451
121.670000,84.860000,36.810000,0.917822,0.942299,85.904479,1.367751,2.916406
121.831000,84.860000,36.971000,0.916752,0.944172,85.913065,1.365430,2.916445
121.985000,84.860000,37.125000,0.917617,0.950873,85.926359,1.370716,2.916356
122.146000,84.860000,37.286000,0.918763,0.958149,85.940624,1.376547,2.916258
122.310000,84.860000,37.450000,0.918842,0.963005,85.950061,1.380482,2.916191
122.472000,84.860000,37.612000,0.918149,0.966666,85.957140,1.383468,2.916141
122.633000,84.860000,37.773000,0.918534,0.967847,85.959417,1.384434,2.916125
122.797000,84.860000,37.937000,0.918407,0.966441,85.956706,1.383284,2.916144
122.958000,84.860000,38.098000,0.919163,0.963499,85.951019,1.380884,2.916185
123.109000,84.860000,38.249000,0.919238,0.957298,85.938962,1.375860,2.916269
123.270000,84.860000,38.410000,0.919947,0.950872,85.926357,1.370716,2.916356
123.421000,84.860000,38.561000,0.921747,0.945269,85.911442,1.369280,2.916380
123.582000,84.860000,38.722000,0.924340,0.937893,85.894088,1.365502,2.916444
123.733000,84.860000,38.873000,0.925410,0.930036,85.875364,1.361550,2.916510
123.894000,84.860000,39.034000,0.925925,0.945695,85.880505,1.392489,2.917245
124.045000,84.860000,39.185000,0.929469,0.944206,85.867754,1.398421,2.917222
124.206000,84.860000,39.346000,0.931689,0.942741,85.853810,1.405118,2.917197
124.367000,84.860000,39.507000,0.934761,0.949277,85.848304,1.423626,2.917125
124.521000,84.860000,39.661000,0.937184,0.948477,85.835837,1.430462,2.917099
124.685000,84.860000,39.825000,0.940313,0.947791,85.822749,1.437826,2.917071
124.836000,84.860000,39.976000,0.942810,0.947338,85.811725,1.444182,2.917046
124.997000,84.860000,40.137000,0.945797,0.946985,85.800202,1.450972,2.917020
125.161000,84.860000,40.301000,0.947920,0.946776,85.790105,1.457037,2.916996
125.312000,84.860000,40.452000,0.950821,0.946669,85.781674,1.462175,2.916977
125.473000,84.860000,40.613000,0.954147,0.946623,85.774052,1.466871,2.916959
125.635000,84.860000,40.775000,0.956789,0.946617,85.768683,1.470203,2.916946
125.785000,84.860000,40.925000,0.957700,0.946628,85.764022,1.473110,2.916935
125.947000,84.860000,41.087000,0.960526,0.946636,85.762213,1.474241,2.916930
126.097000,84.860000,41.237000,0.961553,0.946646,85.760539,1.475288,2.916926
126.248000,84.860000,41.388000,0.963196,0.946645,85.760630,1.475232,2.916926
126.409000,84.860000,41.549000,0.963579,0.946641,85.761238,1.474851,2.916928
126.560000,84.860000,41.700000,0.963494,0.946634,85.762599,1.473999,2.916931
126.721000,84.860000,41.861000,0.963329,0.946624,85.764949,1.472531,2.916937
126.872000,84.860000,42.012000,0.962334,0.946618,85.767265,1.471087,2.916942
127.030000,84.860000,42.170000,0.961832,0.946616,85.770198,1.469261,2.916949
127.181000,84.860000,42.321000,0.960301,0.946620,85.773006,1.467519,2.916956
127.342000,84.860000,42.482000,0.959475,0.946627,85.775329,1.466081,2.916962
127.493000,84.860000,42.633000,0.957509,0.946638,85.777417,1.464793,2.916967
127.654000,84.860000,42.794000,0.955382,0.946647,85.778934,1.463858,2.916970
127.804000,84.860000,42.944000,0.953199,0.946654,85.779882,1.463275,2.916972
127.969000,84.860000,43.109000,0.951694,0.946662,85.780887,1.462658,2.916975
128.119000,84.860000,43.259000,0.950002,0.946670,85.781726,1.462143,2.916977
128.281000,84.860000,43.421000,0.948806,0.946679,85.782644,1.461581,2.916979
128.445000,84.860000,43.585000,0.947629,0.946691,85.783846,1.460845,2.916982
128.770000,84.860000,43.910000,0.946047,0.946716,85.785952,1.459560,2.916987
128.921000,84.860000,44.061000,0.945707,0.946727,85.786755,1.459071,2.916989
129.085000,84.860000,44.225000,0.946511,0.946726,85.786746,1.459076,2.916989
129.250000,84.860000,44.390000,0.947252,0.946718,85.786099,1.459471,2.916987
129.411000,84.860000,44.551000,0.948209,0.946700,85.784627,1.460369,2.916984
129.575000,84.860000,44.715000,0.950618,0.946671,85.781824,1.462083,2.916977
129.736000,84.860000,44.876000,0.952128,0.946645,85.778577,1.464078,2.916969
129.887000,84.860000,45.027000,0.953754,0.946621,85.773583,1.467161,2.916957
130.051000,84.860000,45.191000,0.956306,0.946617,85.768180,1.470517,2.916944
130.213000,84.860000,45.353000,0.957301,0.946638,85.761908,1.474432,2.916929
130.377000,84.860000,45.517000,0.959565,0.946685,85.755509,1.478444,2.916914
130.527000,84.860000,45.667000,0.959060,0.946733,85.750916,1.481331,2.916903
130.692000,84.860000,45.832000,0.960138,0.946791,85.746422,1.484158,2.916892
130.853000,84.860000,45.993000,0.959314,0.946831,85.743689,1.485879,2.916885
131.168000,84.860000,46.308000,0.959574,0.946844,85.742809,1.486432,2.916883
131.491000,84.860000,46.631000,0.960806,0.946756,85.749080,1.482486,2.916898
131.655000,84.860000,46.795000,0.961507,0.946684,85.755580,1.478399,2.916914
131.805000,84.860000,46.945000,0.961974,0.946640,85.761575,1.474640,2.916929
132.131000,84.860000,47.271000,0.962367,0.946627,85.775278,1.466113,2.916961
132.295000,84.860000,47.435000,0.963684,0.946663,85.781009,1.462583,2.916975
132.457000,84.860000,47.597000,0.966423,0.946712,85.785590,1.459781,2.916986
132.621000,84.860000,47.761000,0.967505,0.946771,85.789782,1.457233,2.916996
132.782000,84.860000,47.922000,0.971077,0.946827,85.793019,1.455276,2.917003
132.946000,84.860000,48.086000,0.973211,0.946894,85.796328,1.453287,2.917011
133.100000,84.860000,48.240000,0.975215,0.946967,85.799453,1.451419,2.917018
133.261000,84.860000,48.401000,0.976736,0.947052,85.802729,1.449471,2.917026
133.425000,84.860000,48.565000,0.977689,0.947170,85.806747,1.447098,2.917035
133.587000,84.860000,48.727000,0.978116,0.947306,85.810821,1.444710,2.917044
133.751000,84.860000,48.891000,0.979420,0.947523,85.816569,1.441373,2.917057
134.077000,84.860000,49.217000,0.980500,0.948207,85.831026,1.433147,2.917089
134.238000,84.860000,49.378000,0.980731,0.948756,85.840441,1.427917,2.917109
134.563000,84.860000,49.703000,0.981155,0.942399,85.850282,1.406852,2.917190
134.725000,84.860000,49.865000,0.980870,0.943251,85.858863,1.402664,2.917206
134.889000,84.860000,50.029000,0.980497,0.943994,85.865836,1.399329,2.917219
135.043000,84.860000,50.183000,0.980192,0.944738,85.872442,1.396220,2.917231
135.204000,84.860000,50.344000,0.979873,0.945361,85.877748,1.393757,2.917240
135.365000,84.860000,50.505000,0.978659,0.945974,85.882776,1.391449,2.917249
135.529000,84.860000,50.669000,0.978842,0.946401,85.886190,1.389896,2.917255
135.680000,84.860000,50.820000,0.978752,0.946681,85.888396,1.388898,2.917259
135.995000,84.860000,51.135000,0.976835,0.929801,85.874802,1.361434,2.916512
136.471000,84.860000,51.611000,0.973034,0.935906,85.889377,1.364496,2.916460
136.632000,84.860000,51.772000,0.971440,0.937244,85.892551,1.365173,2.916449
136.786000,84.860000,51.926000,0.970311,0.938356,85.895184,1.365738,2.916440
136.947000,84.860000,52.087000,0.968694,0.938701,85.895999,1.365913,2.916437
137.262000,84.860000,52.402000,0.965325,0.937843,85.893971,1.365477,2.916444
137.574000,84.860000,52.714000,0.960404,0.935411,85.888200,1.364246,2.916465
137.738000,84.860000,52.878000,0.958335,0.932502,85.881268,1.362783,2.916489
137.900000,84.860000,53.040000,0.955792,0.929672,85.874491,1.361369,2.916513
138.050000,84.860000,53.190000,0.953469,0.946597,85.887740,1.389194,2.917258
138.365000,84.860000,53.505000,0.949281,0.945141,85.875897,1.394613,2.917237
138.526000,84.860000,53.666000,0.947310,0.944552,85.870822,1.396978,2.917228
138.688000,84.860000,53.828000,0.946106,0.943990,85.865797,1.399347,2.917219
139.003000,84.860000,54.143000,0.943630,0.942997,85.856376,1.403868,2.917201
139.167000,84.860000,54.307000,0.942580,0.942502,85.851360,1.406320,2.917192
139.328000,84.860000,54.468000,0.943354,0.942044,85.846469,1.408745,2.917183
139.489000,84.860000,54.629000,0.944108,0.941616,85.841634,1.411176,2.917173
139.654000,84.860000,54.794000,0.944879,0.949043,85.844875,1.425489,2.917118
139.804000,84.860000,54.944000,0.945581,0.948703,85.839578,1.428393,2.917107
139.966000,84.860000,55.106000,0.946339,0.948327,85.833207,1.431926,2.917093
140.127000,84.860000,55.267000,0.947092,0.947992,85.826913,1.435462,2.917080
140.291000,84.860000,55.431000,0.947860,0.947691,85.820535,1.439092,2.917066
